Row	control_person	clutter_person	deletion_person	occlusion_person	scrambling_person	control_cat	clutter_cat	deletion_cat	occlusion_cat	scrambling_cat	control_bird	clutter_bird	deletion_bird	occlusion_bird	scrambling_bird	control_banana	clutter_banana	deletion_banana	occlusion_banana	scrambling_banana	control_firehydrant	clutter_firehydrant	deletion_firehydrant	occlusion_firehydrant	scrambling_firehydrant	control_tree	clutter_tree	deletion_tree	occlusion_tree	scrambling_tree	control_bus	clutter_bus	deletion_bus	occlusion_bus	scrambling_bus	control_building	clutter_building	deletion_building	occlusion_building	scrambling_building
control_person	0.132454362893778	0.920502772777744	0.153198402464727	0.113090273408291	0.85708669637487	0.160541003236786	0.900804294096669	0.144109937026914	0.124623551344905	0.846032999818914	0.2054228793816	1.00229391323947	0.192961529207036	0.132920463619986	0.909866029334557	0.335831893324274	1.08850508641038	0.282419073455311	0.175905255262273	0.908912668542556	0.127598430692114	0.973266981732319	0.143564098341502	0.114257547866461	0.937004920957266	0.17055644952103	0.814904247519503	0.185362510947394	0.120966076773331	0.937250394407206	0.203924878185625	0.997337837955445	0.180969261682215	0.136941760647958	0.936902629014165	0.192331086324355	0.906380916388079	0.154784748025976	0.152228981966637	0.911776921277612
clutter_person	0.920502772777744	0.390802672595183	0.912888343779284	0.873896566402475	0.542336481811794	0.950635654177774	0.395672555542314	0.939681841582519	0.900015760472728	0.587901729377996	0.94965139775957	0.52623571729265	0.932316802516822	0.887812665406259	0.693575483012182	0.94090691795597	0.480916756908504	0.927276316439237	0.877268359363263	0.657911025668735	0.918569103188503	0.511928197784425	0.915114472602904	0.873556008383141	0.468066069550442	0.987232321219721	0.468320539175015	0.97509929328229	0.921713438758005	0.822954706217952	0.908499661173293	0.499934247065105	0.905890751119896	0.872590191490632	0.497813081969251	0.915123705955968	0.454906283930246	0.914345498907216	0.889692663528037	0.5417504936531
deletion_person	0.153198402464727	0.912888343779284	0.161618689260048	0.119347249618125	0.839641775949	0.173231531037942	0.890345978202366	0.156207254693689	0.132223632590896	0.816490922823779	0.221279167134684	0.994717751432335	0.20322972014973	0.140645667948487	0.887898762921373	0.327049306563511	1.07450639808478	0.270008757212569	0.169128769906783	0.883072643274004	0.139014534317676	0.965051010473976	0.148360594999776	0.119644918593536	0.916058481677672	0.19677527167282	0.812647238340525	0.205252423386772	0.135073233996169	0.920133160883093	0.210265750954319	0.984146216384381	0.185384450322639	0.139413908159639	0.921390774105666	0.212151442346631	0.904449873927383	0.173887572199649	0.166824419999633	0.908181648470161
occlusion_person	0.113090273408291	0.873896566402475	0.119347249618125	0.0506419319672464	0.783374584573668	0.128133140222191	0.838067710390773	0.107803122903677	0.0724029317457343	0.741757373965165	0.183852330384888	0.958178089952005	0.157335909547242	0.0795411159208208	0.838604617956301	0.269791189506657	1.03727805602079	0.212845027478492	0.0966912124709924	0.816615246521199	0.1006795021956	0.930860234218103	0.104506759591614	0.0557125832608733	0.871972113092805	0.17609950946405	0.77391622085903	0.178042052032589	0.087329273626759	0.907148414146951	0.169154529156928	0.953479341658618	0.138620029729336	0.0787415055210978	0.890006193209158	0.186393742019745	0.877906747264891	0.137760868458884	0.121505746330935	0.892272843499471
scrambling_person	0.85708669637487	0.542336481811794	0.839641775949	0.783374584573668	0.423908912186857	0.902400185102891	0.529559856183931	0.879291089380573	0.827304672235016	0.491438869202942	0.90012162151207	0.616658533194099	0.870650483540881	0.808685870823767	0.615147382954055	0.907313536988169	0.570491527535735	0.872893109715329	0.802466970912932	0.652184447654304	0.893690837005997	0.569847969096329	0.864827331938278	0.801332571294862	0.561872463583766	0.989364662618978	0.554911225687258	0.957116415933544	0.886024244363441	0.793415375141277	0.919159003285933	0.600409883786917	0.88678646881613	0.832266376554881	0.717621347684359	0.909907187771142	0.607203431361491	0.883687586729808	0.853177378084741	0.609672769718104
control_cat	0.160541003236786	0.950635654177774	0.173231531037942	0.128133140222191	0.902400185102891	0.102509044159781	0.91988148404801	0.101025659860406	0.103890917031514	0.847225984546624	0.193920808436845	1.00946502834741	0.184393627874158	0.125581560328708	0.917992069847756	0.256195080250339	1.10946783658728	0.206767538233246	0.140566060947997	0.903756556003414	0.127908484759318	1.00071335496262	0.162533262639414	0.106849250163555	0.955793839443217	0.189275487809901	0.82289290334158	0.201068219380736	0.11453005957518	0.950243527519057	0.158571109485419	1.00009906213258	0.143778698114333	0.122025718844095	0.939871813942873	0.161445481760498	0.928360507434435	0.128778079829959	0.124199595843452	0.934384944659709
clutter_cat	0.900804294096669	0.395672555542314	0.890345978202366	0.838067710390773	0.529559856183931	0.91988148404801	0.361779807789505	0.907133664519655	0.865042166828055	0.54906040010246	0.925978852374345	0.512364426569732	0.903839254070431	0.854804977634396	0.677431400314621	0.905549803552536	0.466317602954555	0.893584741311458	0.83791982038411	0.606631989434328	0.903393930352739	0.506844650700701	0.895295353117682	0.843123360216478	0.463343844746617	0.970119706301428	0.455532947224737	0.95436714991883	0.895234162898666	0.834796543013181	0.892970595058338	0.511232710269931	0.886333139324045	0.845668613908447	0.497463347531046	0.916912671272198	0.457483106429832	0.902451345648451	0.875318126943626	0.558590687903425
deletion_cat	0.144109937026914	0.939681841582519	0.156207254693689	0.107803122903677	0.879291089380573	0.101025659860406	0.907133664519655	0.0943286111835026	0.0910968382104039	0.826539468985466	0.185076109171978	1.00275011373317	0.17170744548557	0.110639936931919	0.90221596675872	0.258263295488473	1.09762003636188	0.207525709461755	0.128983242328807	0.887350698771485	0.117578949966975	0.990025753377834	0.145783702264153	0.0918141772995514	0.939687934959354	0.178183852800883	0.81633364935562	0.188400042617027	0.102581156630879	0.935896516442469	0.156001701514716	0.994197624153679	0.138467910909898	0.109595245144426	0.930217946218772	0.162044964948622	0.920799426215716	0.124395801086204	0.119322970465356	0.925706226464413
occlusion_cat	0.124623551344905	0.900015760472727	0.132223632590896	0.0724029317457343	0.827304672235016	0.103890917031514	0.865042166828055	0.0910968382104039	0.0687662435118127	0.778614507739037	0.176279515331887	0.973789312461481	0.15619705663909	0.0848509732661761	0.867502363875508	0.256349674391895	1.062067237151	0.200217018385668	0.101232486704927	0.846137290411697	0.102722312715926	0.955342933766883	0.11681563174823	0.0643295192061556	0.904326855517792	0.170541528880941	0.782510685404238	0.174806537918296	0.0836809344357891	0.927192616717519	0.14883566656668	0.966226928903504	0.127507366819591	0.0824033010211114	0.906219278515159	0.164925759481939	0.894509100840136	0.122594267544573	0.109230599006675	0.907763528910414
scrambling_cat	0.846032999818915	0.587901729377996	0.816490922823779	0.741757373965165	0.491438869202942	0.847225984546625	0.54906040010246	0.826539468985466	0.778614507739037	0.405997626669492	0.869278946705873	0.670932420963956	0.827516976123109	0.765027825966572	0.586019619207884	0.807451127690394	0.632295079660364	0.776638749130865	0.724278266490551	0.537300757517346	0.861475896350755	0.637199353462601	0.832301397980557	0.754395160402074	0.551099554111751	0.978053939138582	0.635704620586168	0.938347521658942	0.847187077444145	0.770889290844204	0.862866151554785	0.662501762801983	0.830196799538651	0.775879871545227	0.672600846320377	0.897859215899312	0.641271284737431	0.859047556363593	0.824599392667511	0.7246028353478
control_bird	0.2054228793816	0.94965139775957	0.221279167134684	0.183852330384888	0.90012162151207	0.193920808436845	0.925978852374345	0.185076109171978	0.176279515331887	0.869278946705873	0.243049717545462	1.01061820410257	0.237346787323064	0.185728132309262	0.917984217210955	0.352498580758637	1.10809394169529	0.301013017331434	0.222138619470101	0.922552066412525	0.186967143311239	0.99930305341759	0.20916128181787	0.176151797233179	0.961419276836067	0.2270460390966	0.838145037959243	0.23956635553027	0.174094469219065	0.941562993690396	0.232815984862311	1.0071375875961	0.218425004266522	0.187050726697689	0.941600400776308	0.236466476737529	0.931814765197019	0.201682054739928	0.200899370506894	0.942254804335093
clutter_bird	1.00229391323947	0.52623571729265	0.994717751432335	0.958178089952005	0.616658533194099	1.00946502834741	0.512364426569732	1.00275011373317	0.973789312461481	0.670932420963956	1.01061820410257	0.5568683536993	0.997591117880655	0.963961118183232	0.757909184366692	0.987170303534857	0.538433678898915	0.977301155250877	0.948868358830355	0.725911811543317	1.00078459187654	0.590056874655831	0.997864747835785	0.957264208899685	0.564149001194674	1.05816818442934	0.556100263955432	1.0445840338998	0.999559953381862	0.860480845726518	0.976052704546829	0.56033565516404	0.976695279198519	0.954649304077182	0.60810732601416	0.9861265376086	0.571536149915274	0.986013188840782	0.964035019617995	0.596928989844249
deletion_bird	0.192961529207036	0.932316802516822	0.20322972014973	0.157335909547242	0.870650483540881	0.184393627874158	0.903839254070431	0.17170744548557	0.15619705663909	0.827516976123109	0.237346787323064	0.997591117880655	0.221311190598588	0.166585154223464	0.893619841532252	0.328844502561719	1.08506562500289	0.277804600068323	0.190732691492583	0.883739622789236	0.171933136147132	0.983279588143937	0.187258233501465	0.152187251047442	0.927396221977551	0.222836516523267	0.826918470144597	0.231063838693774	0.159479068757733	0.917445749292279	0.215294496564889	0.987704296844786	0.19826985279041	0.161782559599889	0.914153599126683	0.237157113697007	0.922443710694909	0.196700950459266	0.192491485518543	0.929446539440528
occlusion_bird	0.132920463619986	0.887812665406259	0.140645667948487	0.0795411159208207	0.808685870823767	0.125581560328708	0.854804977634396	0.110639936931919	0.0848509732661761	0.765027825966571	0.185728132309262	0.963961118183232	0.166585154223464	0.0904706188031621	0.848852745581514	0.278711532073837	1.055232193071	0.218516436004096	0.116291332761904	0.841444492033051	0.115939783418575	0.945139783359224	0.128641984672913	0.0752802238305511	0.891375274914976	0.189869598983297	0.780702113111556	0.192359014936998	0.0988908996391312	0.914469495790908	0.170424298058263	0.962129122575051	0.145570631209191	0.0946585438788546	0.897836513330342	0.182874541408832	0.885168783397659	0.137887561382703	0.123388805819403	0.904129852807137
scrambling_bird	0.909866029334557	0.693575483012182	0.887898762921373	0.838604617956301	0.615147382954055	0.917992069847756	0.677431400314621	0.90221596675872	0.867502363875508	0.586019619207884	0.917984217210955	0.757909184366692	0.893619841532252	0.848852745581514	0.646617886113368	0.902857253960571	0.747692669727669	0.871538086608312	0.834604662681717	0.69797654248547	0.927969730419742	0.741090780974817	0.907007924118249	0.851512006496496	0.640186987488404	1.01372575515718	0.76185151625904	0.981489109478322	0.91862651292778	0.75005009432402	0.923686580583879	0.743118367900251	0.89999358358053	0.863834298082392	0.712290514139596	0.945553051563481	0.720727829178194	0.91829074856056	0.896300348541705	0.778310572470021
control_banana	0.335831893324274	0.94090691795597	0.327049306563511	0.269791189506657	0.907313536988169	0.256195080250339	0.905549803552536	0.258263295488473	0.256349674391895	0.807451127690394	0.352498580758637	0.987170303534857	0.328844502561719	0.278711532073837	0.902857253960571	0.278869980829056	1.04640575095839	0.250558579588516	0.225552961864864	0.833500512694979	0.271258295982812	0.984655404590541	0.298444259761122	0.246210806133376	0.91469999633601	0.366198702060995	0.845821440444641	0.369696298180403	0.276938939696487	0.932831038875342	0.2693037477012	0.956945932831557	0.253582490117966	0.238613869181367	0.903552315247265	0.322770741981943	0.938639536427942	0.295967346973982	0.284842458397218	0.940530856893953
clutter_banana	1.08850508641038	0.480916756908504	1.07450639808478	1.03727805602079	0.570491527535735	1.10946783658728	0.466317602954556	1.09762003636188	1.062067237151	0.632295079660364	1.10809394169529	0.538433678898915	1.08506562500289	1.055232193071	0.747692669727669	1.04640575095839	0.430408330908852	1.05561541241946	1.02203864457137	0.694937817930981	1.09631785858062	0.536663114535546	1.0822612059369	1.04264371167554	0.534252338685541	1.14902168557929	0.522989476445402	1.13248814752894	1.09522245688951	0.868642037520987	1.07642211550167	0.516018162345082	1.0728664340652	1.04495241288043	0.607643421643785	1.09957560814881	0.554709332326474	1.0925539599114	1.07074023073518	0.5373662159977
deletion_banana	0.282419073455311	0.927276316439237	0.270008757212569	0.212845027478492	0.872893109715328	0.206767538233246	0.893584741311458	0.207525709461755	0.200217018385668	0.776638749130865	0.301013017331434	0.977301155250877	0.277804600068323	0.218516436004096	0.871538086608312	0.250558579588516	1.05561541241946	0.199279148755637	0.173860790673173	0.827234586808758	0.220409914075548	0.97502575385902	0.242563514215733	0.189860514683883	0.898308123007049	0.33078494621117	0.82608083102656	0.328247323341716	0.225058414172215	0.916591764855624	0.227013019043529	0.951193652751908	0.206663592236897	0.185202902113437	0.894526190505972	0.266026554522495	0.920665744689292	0.24050739719186	0.224389779569234	0.92309317771329
occlusion_banana	0.175905255262273	0.877268359363263	0.169128769906783	0.0966912124709924	0.802466970912932	0.140566060947997	0.83791982038411	0.128983242328807	0.101232486704927	0.724278266490551	0.222138619470101	0.948868358830355	0.190732691492583	0.116291332761904	0.834604662681717	0.225552961864864	1.02203864457137	0.173860790673173	0.0899098835753787	0.78541904204453	0.130901477671051	0.933175177505192	0.140213639663954	0.0851379011599143	0.855460217619478	0.236457983475006	0.778178870210897	0.231747425264463	0.126586353995354	0.897951032848903	0.161030704497537	0.926121057779589	0.138197680502696	0.0920009320797961	0.86412796889927	0.206808628560064	0.883888229142262	0.167196151344139	0.14567387072571	0.894835115249944
scrambling_banana	0.908912668542556	0.657911025668735	0.883072643274004	0.816615246521199	0.652184447654304	0.903756556003414	0.606631989434328	0.887350698771485	0.846137290411697	0.537300757517346	0.922552066412525	0.725911811543317	0.883739622789236	0.841444492033051	0.69797654248547	0.833500512694979	0.694937817930981	0.827234586808758	0.78541904204453	0.52744824815651	0.903516884865908	0.720506973964534	0.880052930304759	0.824968284337349	0.608655258874656	0.982982636806712	0.715955655873427	0.956403501015086	0.890260142610676	0.82017627034173	0.885467837279828	0.731143894606502	0.869549441410231	0.827482172717046	0.664071534893893	0.953501181394385	0.698864963197324	0.920433632927643	0.89254323381381	0.841912866284534
control_firehydrant	0.127598430692114	0.918569103188503	0.139014534317676	0.1006795021956	0.893690837005997	0.127908484759318	0.903393930352739	0.117578949966975	0.102722312715926	0.861475896350755	0.186967143311239	1.00078459187654	0.171933136147132	0.115939783418575	0.927969730419742	0.271258295982812	1.09631785858062	0.220409914075548	0.130901477671051	0.903516884865908	0.0630968370170723	0.972466510805733	0.0857075641629774	0.0795062926652434	0.921371643780777	0.14096748873954	0.80469849904333	0.154316198894293	0.0889541515397835	0.929139101384884	0.129910906287032	0.972338584997503	0.122720235205299	0.0874910623316381	0.896688773057432	0.142473239035321	0.898250095821562	0.120029527471339	0.115410075923953	0.906237929119794
clutter_firehydrant	0.973266981732319	0.511928197784424	0.965051010473976	0.930860234218103	0.569847969096329	1.00071335496262	0.506844650700701	0.990025753377833	0.955342933766883	0.637199353462601	0.99930305341759	0.590056874655831	0.983279588143938	0.945139783359224	0.741090780974817	0.984655404590541	0.536663114535546	0.97502575385902	0.933175177505192	0.720506973964534	0.972466510805733	0.551634818086488	0.967073197397514	0.930488085476269	0.594580008596894	1.03865753473027	0.525808818610957	1.02521441015448	0.98078016681005	0.894306908163994	0.973372659269236	0.563836407961966	0.968698922920735	0.937409749310394	0.674067602533567	0.970514800356696	0.572678814303687	0.968813754269987	0.94740383239403	0.60087432963746
deletion_firehydrant	0.143564098341502	0.915114472602904	0.148360594999776	0.104506759591614	0.864827331938278	0.162533262639414	0.895295353117682	0.145783702264153	0.11681563174823	0.832301397980557	0.20916128181787	0.997864747835785	0.187258233501465	0.128641984672913	0.90700792411825	0.298444259761122	1.0822612059369	0.242563514215733	0.140213639663954	0.88005293030476	0.0857075641629774	0.967073197397514	0.0825607656259995	0.0931365871146356	0.906839624601073	0.163519906021859	0.805006188986355	0.165629888055283	0.107112371710653	0.917416866149406	0.164188998810826	0.972847407021688	0.152982899698064	0.1043851887906	0.897062862882293	0.184320582655418	0.904984703298991	0.157242854572499	0.147443858811858	0.906515482427904
occlusion_firehydrant	0.114257547866461	0.873556008383141	0.119644918593536	0.0557125832608733	0.801332571294863	0.106849250163555	0.843123360216478	0.0918141772995514	0.0643295192061556	0.754395160402074	0.176151797233179	0.957264208899685	0.152187251047442	0.0752802238305511	0.851512006496496	0.246210806133376	1.04264371167554	0.189860514683883	0.0851379011599143	0.824968284337349	0.0795062926652434	0.930488085476269	0.0931365871146356	0.044231289061769	0.870818083699744	0.171366995044895	0.768303368401806	0.174082554498586	0.0780970925952496	0.913018878748355	0.142400576385967	0.945423503556824	0.118911226598926	0.0672620110454897	0.88185732462666	0.153941661295589	0.870317388733783	0.114738083404594	0.0978593237089275	0.885875799239295
scrambling_firehydrant	0.937004920957266	0.468066069550442	0.916058481677672	0.871972113092805	0.561872463583766	0.955793839443217	0.463343844746617	0.939687934959354	0.904326855517792	0.551099554111751	0.961419276836068	0.564149001194674	0.927396221977552	0.891375274914975	0.640186987488404	0.91469999633601	0.534252338685541	0.898308123007049	0.855460217619479	0.608655258874656	0.921371643780777	0.594580008596894	0.906839624601073	0.870818083699744	0.322162363912774	1.02574145843221	0.618976864840591	0.999798309528749	0.943690356438937	0.59622128923094	0.894887835586311	0.523549895645845	0.89115469642246	0.86697360559869	0.323356662686019	0.938147573792411	0.490979709635004	0.928226993937798	0.908671543332522	0.522008430304576
control_tree	0.17055644952103	0.987232321219721	0.19677527167282	0.17609950946405	0.989364662618978	0.189275487809901	0.970119706301428	0.178183852800883	0.170541528880941	0.978053939138582	0.2270460390966	1.05816818442934	0.222836516523267	0.189869598983297	1.01372575515718	0.366198702060995	1.14902168557929	0.33078494621117	0.236457983475006	0.982982636806712	0.14096748873954	1.03865753473027	0.163519906021859	0.171366995044895	1.02574145843221	0.123557386621746	0.8516245584437	0.155063180385442	0.129580524956435	0.988006848700611	0.199798721342389	1.04597784804671	0.198349463255148	0.171679454445071	0.971744508035642	0.219673800176924	0.96658349635695	0.190415737203212	0.20057043053819	0.978640672731096
clutter_tree	0.814904247519503	0.468320539175015	0.812647238340525	0.77391622085903	0.554911225687258	0.82289290334158	0.455532947224737	0.816333649355619	0.782510685404238	0.635704620586168	0.838145037959243	0.556100263955432	0.826918470144597	0.780702113111556	0.76185151625904	0.845821440444641	0.522989476445402	0.826080831026559	0.778178870210897	0.715955655873427	0.80469849904333	0.525808818610957	0.805006188986355	0.768303368401806	0.618976864840591	0.851624558443701	0.391879025592503	0.846389786876008	0.793875152826945	0.960462758282616	0.804412654429265	0.541163561425167	0.802881025788428	0.770280182967367	0.693494271797587	0.802497458805318	0.539472649512992	0.801682586446729	0.776748687503309	0.576279750594629
deletion_tree	0.185362510947394	0.97509929328229	0.205252423386772	0.178042052032589	0.957116415933544	0.201068219380736	0.95436714991883	0.188400042617027	0.174806537918296	0.938347521658942	0.23956635553027	1.0445840338998	0.231063838693774	0.192359014936998	0.981489109478322	0.369696298180403	1.13248814752894	0.328247323341716	0.231747425264463	0.956403501015086	0.154316198894293	1.02521441015448	0.165629888055283	0.174082554498586	0.999798309528749	0.155063180385442	0.846389786876008	0.174978049959595	0.144324445688604	0.969114316856622	0.212670088606544	1.03110717686137	0.209544317659914	0.176865517799865	0.957495254807808	0.237952605801475	0.959861919009461	0.206716912986721	0.211204425326178	0.968309881722058
occlusion_tree	0.120966076773331	0.921713438758005	0.135073233996169	0.087329273626759	0.886024244363441	0.11453005957518	0.895234162898666	0.102581156630879	0.0836809344357891	0.847187077444145	0.174094469219065	0.999559953381862	0.159479068757733	0.0988908996391313	0.91862651292778	0.276938939696487	1.09522245688951	0.225058414172215	0.126586353995354	0.890260142610676	0.0889541515397835	0.98078016681005	0.107112371710653	0.0780970925952496	0.943690356438937	0.129580524956435	0.793875152826945	0.144324445688604	0.0723608238960455	0.950468263885122	0.141598456460957	0.990047319529077	0.128859249953217	0.0872239084811838	0.919558460702601	0.160659100188534	0.912935082674893	0.124692055838397	0.11754590012866	0.932823475714453
scrambling_tree	0.937250394407205	0.822954706217952	0.920133160883093	0.907148414146951	0.793415375141277	0.950243527519057	0.83479654301318	0.935896516442469	0.927192616717519	0.770889290844204	0.941562993690397	0.860480845726518	0.917445749292279	0.914469495790908	0.75005009432402	0.932831038875342	0.868642037520987	0.916591764855624	0.897951032848903	0.82017627034173	0.929139101384884	0.894306908163994	0.917416866149406	0.913018878748355	0.59622128923094	0.988006848700611	0.960462758282616	0.969114316856622	0.950468263885122	0.490579055004766	0.903372643683851	0.807408235156752	0.899081498043977	0.898426938196561	0.563393903160346	0.955061108164907	0.796978507505802	0.940141845452074	0.943984219286993	0.760240782541451
control_bus	0.203924878185625	0.908499661173293	0.210265750954319	0.169154529156928	0.919159003285933	0.158571109485419	0.892970595058338	0.156001701514716	0.14883566656668	0.862866151554785	0.232815984862311	0.976052704546829	0.215294496564889	0.170424298058263	0.923686580583879	0.2693037477012	1.07642211550167	0.227013019043529	0.161030704497537	0.885467837279828	0.129910906287032	0.973372659269236	0.164188998810826	0.142400576385966	0.89488783558631	0.199798721342389	0.804412654429265	0.212670088606544	0.141598456460957	0.903372643683851	0.0935195750360884	0.908419837718579	0.109881619877118	0.103508117751972	0.821247324505503	0.178429805626193	0.886369138749797	0.160078210313876	0.161067233272734	0.903925506741007
clutter_bus	0.997337837955445	0.499934247065105	0.984146216384381	0.953479341658618	0.600409883786917	1.00009906213258	0.511232710269931	0.994197624153679	0.966226928903504	0.662501762801983	1.0071375875961	0.56033565516404	0.987704296844786	0.962129122575051	0.743118367900251	0.956945932831557	0.516018162345082	0.951193652751908	0.926121057779589	0.731143894606502	0.972338584997503	0.563836407961966	0.972847407021688	0.945423503556824	0.523549895645845	1.04597784804671	0.541163561425167	1.03110717686137	0.990047319529077	0.807408235156753	0.908419837718579	0.469235253344942	0.924423856951645	0.91559606007126	0.546962382551561	0.9581440842293	0.551643179931999	0.966343091879747	0.95138750868867	0.537296166062636
deletion_bus	0.180969261682215	0.905890751119896	0.185384450322639	0.138620029729336	0.88678646881613	0.143778698114333	0.886333139324045	0.138467910909898	0.127507366819591	0.830196799538652	0.218425004266522	0.976695279198519	0.19826985279041	0.145570631209191	0.89999358358053	0.253582490117966	1.0728664340652	0.206663592236897	0.138197680502696	0.86954944141023	0.122720235205299	0.968698922920735	0.152982899698064	0.118911226598926	0.89115469642246	0.198349463255148	0.802881025788428	0.209544317659914	0.128859249953217	0.899081498043977	0.109881619877118	0.924423856951645	0.109293521950234	0.0944259469999737	0.843191136445054	0.175908868689916	0.889559198413686	0.150517840263535	0.147790127253199	0.903331625037687
occlusion_bus	0.136941760647958	0.872590191490632	0.139413908159639	0.0787415055210978	0.832266376554881	0.122025718844095	0.845668613908447	0.109595245144426	0.0824033010211114	0.775879871545227	0.187050726697689	0.954649304077182	0.161782559599889	0.0946585438788546	0.863834298082392	0.238613869181367	1.04495241288043	0.185202902113437	0.0920009320797961	0.827482172717046	0.0874910623316381	0.937409749310394	0.1043851887906	0.0672620110454897	0.866973605598691	0.171679454445071	0.770280182967367	0.176865517799865	0.0872239084811838	0.898426938196561	0.103508117751972	0.91559606007126	0.0944259469999737	0.0548078527108241	0.839556344129405	0.163056856902281	0.870422860695435	0.128124326313038	0.116171432971992	0.891406567934792
scrambling_bus	0.936902629014165	0.497813081969251	0.921390774105666	0.890006193209158	0.717621347684359	0.939871813942874	0.497463347531046	0.930217946218772	0.906219278515159	0.672600846320377	0.941600400776308	0.60810732601416	0.914153599126683	0.897836513330341	0.712290514139596	0.903552315247265	0.607643421643785	0.894526190505972	0.86412796889927	0.664071534893893	0.896688773057432	0.674067602533567	0.897062862882293	0.88185732462666	0.323356662686019	0.971744508035642	0.693494271797587	0.957495254807808	0.919558460702601	0.563393903160346	0.821247324505503	0.546962382551561	0.843191136445054	0.839556344129405	0.177091026450895	0.915637062370701	0.496580202831112	0.911629264488927	0.904610824896242	0.56173973585751
control_building	0.192331086324355	0.915123705955968	0.212151442346632	0.186393742019745	0.909907187771142	0.161445481760498	0.916912671272198	0.162044964948622	0.164925759481939	0.897859215899312	0.236466476737529	0.9861265376086	0.237157113697007	0.182874541408832	0.945553051563481	0.322770741981943	1.09957560814881	0.266026554522495	0.206808628560064	0.953501181394385	0.142473239035321	0.970514800356696	0.184320582655418	0.153941661295589	0.938147573792411	0.219673800176924	0.802497458805318	0.237952605801475	0.160659100188534	0.955061108164907	0.178429805626193	0.9581440842293	0.175908868689916	0.163056856902281	0.915637062370701	0.123936019408986	0.859907199302709	0.128751137752102	0.126811090285473	0.873209861866439
clutter_building	0.906380916388079	0.454906283930246	0.904449873927383	0.877906747264891	0.607203431361491	0.928360507434435	0.457483106429832	0.920799426215716	0.894509100840136	0.641271284737431	0.931814765197019	0.571536149915273	0.922443710694909	0.885168783397659	0.720727829178194	0.938639536427941	0.554709332326474	0.920665744689292	0.883888229142262	0.698864963197323	0.898250095821562	0.572678814303687	0.904984703298991	0.870317388733783	0.490979709635004	0.96658349635695	0.539472649512992	0.959861919009461	0.912935082674893	0.796978507505802	0.886369138749797	0.551643179931999	0.889559198413686	0.870422860695435	0.496580202831112	0.859907199302709	0.452089073651029	0.873547482896192	0.85703369708691	0.573542856109466
deletion_building	0.154784748025976	0.914345498907216	0.173887572199649	0.137760868458884	0.883687586729808	0.128778079829959	0.902451345648451	0.124395801086204	0.122594267544574	0.859047556363594	0.201682054739928	0.986013188840782	0.196700950459266	0.137887561382703	0.91829074856056	0.295967346973982	1.0925539599114	0.24050739719186	0.167196151344139	0.920433632927643	0.120029527471339	0.968813754269987	0.157242854572499	0.114738083404594	0.928226993937798	0.190415737203212	0.801682586446729	0.206716912986721	0.124692055838397	0.940141845452074	0.160078210313876	0.966343091879747	0.150517840263535	0.128124326313038	0.911629264488927	0.128751137752102	0.873547482896192	0.111138812790951	0.110485058881331	0.886675962430174
occlusion_building	0.152228981966637	0.889692663528037	0.166824419999633	0.121505746330935	0.853177378084741	0.124199595843452	0.875318126943626	0.119322970465356	0.109230599006675	0.824599392667511	0.200899370506894	0.964035019617995	0.192491485518543	0.123388805819403	0.896300348541705	0.284842458397218	1.07074023073518	0.224389779569234	0.14567387072571	0.89254323381381	0.115410075923952	0.94740383239403	0.147443858811858	0.0978593237089275	0.908671543332522	0.20057043053819	0.776748687503309	0.211204425326178	0.11754590012866	0.943984219286993	0.161067233272734	0.95138750868867	0.147790127253199	0.116171432971992	0.904610824896242	0.126811090285473	0.85703369708691	0.110485058881331	0.0983312851465517	0.878113163724152
scrambling_building	0.911776921277612	0.5417504936531	0.908181648470161	0.892272843499471	0.609672769718104	0.934384944659709	0.558590687903425	0.925706226464413	0.907763528910414	0.7246028353478	0.942254804335093	0.596928989844249	0.929446539440528	0.904129852807137	0.778310572470021	0.940530856893953	0.5373662159977	0.923093177713289	0.894835115249944	0.841912866284534	0.906237929119793	0.60087432963746	0.906515482427904	0.885875799239295	0.522008430304576	0.978640672731096	0.576279750594629	0.968309881722058	0.932823475714453	0.760240782541451	0.903925506741007	0.537296166062636	0.903331625037687	0.891406567934792	0.56173973585751	0.873209861866439	0.573542856109466	0.886675962430174	0.878113163724152	0.393139627930802
