subject,model,corr_type,r
sub-01,Animacy,full,0.18976634946179527
sub-01,Animacy,semipartial,-0.047986715573573355
sub-01,Category,full,0.6898356830749485
sub-01,Category,semipartial,0.6557784539753803
sub-01,Gist,full,0.11686358281817474
sub-01,Gist,semipartial,0.012261010314691876
sub-02,Animacy,full,0.2973999239305918
sub-02,Animacy,semipartial,0.10725303117063184
sub-02,Category,full,0.5793078592523336
sub-02,Category,semipartial,0.4958795068122522
sub-02,Gist,full,0.1306087070513572
sub-02,Gist,semipartial,0.04622144221679932
sub-03,Animacy,full,0.3130753643100083
sub-03,Animacy,semipartial,0.12108693398944458
sub-03,Category,full,0.5810834258926488
sub-03,Category,semipartial,0.5076816556672834
sub-03,Gist,full,0.02702392006350296
sub-03,Gist,semipartial,-0.058512475814968566
sub-04,Animacy,full,0.17523032158082422
sub-04,Animacy,semipartial,-0.04272167286382519
sub-04,Category,full,0.6252871707350132
sub-04,Category,semipartial,0.612060868159336
sub-04,Gist,full,-0.019252939501008034
sub-04,Gist,semipartial,-0.11546392499839524
sub-05,Animacy,full,0.4669213872508022
sub-05,Animacy,semipartial,0.2935252014959744
sub-05,Category,full,0.5628618956689497
sub-05,Category,semipartial,0.41758049823564514
sub-05,Gist,full,0.12573820075695583
sub-05,Gist,semipartial,0.04769709501500708
sub-06,Animacy,full,0.3754270244933833
sub-06,Animacy,semipartial,0.1640060327539126
sub-06,Category,full,0.651399574988182
sub-06,Category,semipartial,0.5444039484913619
sub-06,Gist,full,0.13583460888590665
sub-06,Gist,semipartial,0.04173014799868596
sub-07,Animacy,full,0.17063807095135178
sub-07,Animacy,semipartial,-0.046019401043874274
sub-07,Category,full,0.6279667697412917
sub-07,Category,semipartial,0.5983855151201487
sub-07,Gist,full,0.10200048904086248
sub-07,Gist,semipartial,0.006680992234694801
sub-08,Animacy,full,0.5796821351270047
sub-08,Animacy,semipartial,0.36334826387553515
sub-08,Category,full,0.6987138622342486
sub-08,Category,semipartial,0.5260835446027459
sub-08,Gist,full,0.104577618947627
sub-08,Gist,semipartial,0.007098010114399919
sub-09,Animacy,full,0.01759180496931013
sub-09,Animacy,semipartial,-0.22492240779424985
sub-09,Category,full,0.669913359238617
sub-09,Category,semipartial,0.7040433491991039
sub-09,Gist,full,0.06766355421384154
sub-09,Gist,semipartial,-0.038168550539549845
sub-10,Animacy,full,0.20181516427641807
sub-10,Animacy,semipartial,0.005648789660503813
sub-10,Category,full,0.5811300451219232
sub-10,Category,semipartial,0.52705073544327
sub-10,Gist,full,0.166387127966432
sub-10,Gist,semipartial,0.0799991838155518
sub-11,Animacy,full,0.300023892215841
sub-11,Animacy,semipartial,0.12985224335798054
sub-11,Category,full,0.5254567345838158
sub-11,Category,semipartial,0.4362450693501413
sub-11,Gist,full,0.13567541164254163
sub-11,Gist,semipartial,0.06000862392666177
sub-12,Animacy,full,0.25172192680390126
sub-12,Animacy,semipartial,0.19638590722861174
sub-12,Category,full,0.20163758255855105
sub-12,Category,semipartial,0.10923185891802728
sub-12,Gist,full,0.11027291872304026
sub-12,Gist,semipartial,0.08496183737493264
sub-13,Animacy,full,0.009514618597436278
sub-13,Animacy,semipartial,-0.20807672723953044
sub-13,Category,full,0.601826770663343
sub-13,Category,semipartial,0.6299610885507853
sub-13,Gist,full,0.09274912529102905
sub-13,Gist,semipartial,-0.0020920350376556584
sub-14,Animacy,full,0.3741728925081915
sub-14,Animacy,semipartial,0.23821160297189492
sub-14,Category,full,0.4453091091766661
sub-14,Category,semipartial,0.3221422620065567
sub-14,Gist,full,0.1427515483105403
sub-14,Gist,semipartial,0.08162282422573042
sub-15,Animacy,full,0.1083708354696508
sub-15,Animacy,semipartial,-0.06634912448617374
sub-15,Category,full,0.5007232043710503
sub-15,Category,semipartial,0.48852526999391555
sub-15,Gist,full,0.07221933744750174
sub-15,Gist,semipartial,-0.004509450862103263
sub-16,Animacy,full,0.2806983442787569
sub-16,Animacy,semipartial,0.07139145031553965
sub-16,Category,full,0.6212389929425982
sub-16,Category,semipartial,0.5665523464738594
sub-16,Gist,full,0.0006509440404204521
sub-16,Gist,semipartial,-0.09233067477502648
sub-17,Animacy,full,0.32718127785065904
sub-17,Animacy,semipartial,0.15166805554387805
sub-17,Category,full,0.5350463663447496
sub-17,Category,semipartial,0.4620547826982892
sub-17,Gist,full,-0.032846246827689225
sub-17,Gist,semipartial,-0.11141615179028132
sub-18,Animacy,full,0.27142853598198674
sub-18,Animacy,semipartial,0.04417637896330131
sub-18,Category,full,0.6783325980468191
sub-18,Category,semipartial,0.6062508202228984
sub-18,Gist,full,0.16747822495766337
sub-18,Gist,semipartial,0.06712577609076871
sub-19,Animacy,full,0.42171678107888405
sub-19,Animacy,semipartial,0.2194903181853567
sub-19,Category,full,0.6288319667503564
sub-19,Category,semipartial,0.5177133437387119
sub-19,Gist,full,0.040441456630551126
sub-19,Gist,semipartial,-0.05014537400273247
sub-20,Animacy,full,0.16167596103758014
sub-20,Animacy,semipartial,-0.04044416906277149
sub-20,Category,full,0.5833381407710837
sub-20,Category,semipartial,0.5622510459730569
sub-20,Gist,full,0.044590605780192805
sub-20,Gist,semipartial,-0.044472380527240854
sub-21,Animacy,full,0.050352128078081454
sub-21,Animacy,semipartial,-0.1614850068140467
sub-21,Category,full,0.5902459537208558
sub-21,Category,semipartial,0.6104815999239348
sub-21,Gist,full,0.0411436314883658
sub-21,Gist,semipartial,-0.05154300303850493
sub-22,Animacy,full,0.3677439227638652
sub-22,Animacy,semipartial,0.1632112143126442
sub-22,Category,full,0.6302057492606972
sub-22,Category,semipartial,0.5270390821606753
sub-22,Gist,full,0.11818741363517123
sub-22,Gist,semipartial,0.02709055229020357
sub-23,Animacy,full,0.219854110637576
sub-23,Animacy,semipartial,-0.017682736293648093
sub-23,Category,full,0.6935431688771216
sub-23,Category,semipartial,0.6513689563887937
sub-23,Gist,full,0.10029303747868112
sub-23,Gist,semipartial,-0.00442590886134917
sub-24,Animacy,full,0.3957188539290256
sub-24,Animacy,semipartial,0.18722498164408016
sub-24,Category,full,0.641037643204867
sub-24,Category,semipartial,0.5412439525212867
sub-24,Gist,full,0.03382249444813071
sub-24,Gist,semipartial,-0.05937088432098609
sub-25,Animacy,full,0.39720040567805026
sub-25,Animacy,semipartial,0.1960931489032603
sub-25,Category,full,0.6340003894958659
sub-25,Category,semipartial,0.4996739250306151
sub-25,Gist,full,0.25653594821560316
sub-25,Gist,semipartial,0.1671113397289143
sub-26,Animacy,full,0.4353499675766311
sub-26,Animacy,semipartial,0.21965397148697813
sub-26,Category,full,0.6731783087732165
sub-26,Category,semipartial,0.5471301185839292
sub-26,Gist,full,0.1292895023182209
sub-26,Gist,semipartial,0.03296395334583666
sub-27,Animacy,full,0.4603358521923632
sub-27,Animacy,semipartial,0.30678868725368813
sub-27,Category,full,0.5102675676343092
sub-27,Category,semipartial,0.356087751910587
sub-27,Gist,full,0.17434733934119992
sub-27,Gist,semipartial,0.10513138679864899
sub-28,Animacy,full,0.009044190177152123
sub-28,Animacy,semipartial,-0.16272937138217172
sub-28,Category,full,0.4766003833339979
sub-28,Category,semipartial,0.4951741257798325
sub-28,Gist,full,0.0944827242572957
sub-28,Gist,semipartial,0.019656092796667447
sub-29,Animacy,full,0.07345696091163438
sub-29,Animacy,semipartial,-0.14050853920985865
sub-29,Category,full,0.5950612477705036
sub-29,Category,semipartial,0.6203806491904928
sub-29,Gist,full,-0.0459069881559484
sub-29,Gist,semipartial,-0.13986897322997674
sub-30,Animacy,full,0.2905189204268469
sub-30,Animacy,semipartial,0.06927170375933671
sub-30,Category,full,0.6679751965835437
sub-30,Category,semipartial,0.5811406539346655
sub-30,Gist,full,0.21447503843514995
sub-30,Gist,semipartial,0.11675349348231534
sub-31,Animacy,full,0.048749573784218604
sub-31,Animacy,semipartial,-0.14472167601724206
sub-31,Category,full,0.5492634742692456
sub-31,Category,semipartial,0.5423229554731945
sub-31,Gist,full,0.20523954784450754
sub-31,Gist,semipartial,0.12098831088147523
sub-32,Animacy,full,0.13339125854890885
sub-32,Animacy,semipartial,-0.06903973395393997
sub-32,Category,full,0.58263426588522
sub-32,Category,semipartial,0.5629333631403018
sub-32,Gist,full,0.10312567877729356
sub-32,Gist,semipartial,0.014231492095405108
sub-33,Animacy,full,0.06624250828179273
sub-33,Animacy,semipartial,-0.18000988536921758
sub-33,Category,full,0.6901724189872078
sub-33,Category,semipartial,0.7042373830709419
sub-33,Gist,full,0.0942373664634589
sub-33,Gist,semipartial,-0.013435789577924222
sub-34,Animacy,full,0.5150375514227233
sub-34,Animacy,semipartial,0.3401843829315254
sub-34,Category,full,0.5776951443296555
sub-34,Category,semipartial,0.4097875871515319
sub-34,Gist,full,0.16791335367848714
sub-34,Gist,semipartial,0.08906899730278311
sub-35,Animacy,full,0.3999588780831742
sub-35,Animacy,semipartial,0.22239940772146147
sub-35,Category,full,0.5519101389849538
sub-35,Category,semipartial,0.4576169541442714
sub-35,Gist,full,-0.05785360849111154
sub-35,Gist,semipartial,-0.13778960257738798
sub-36,Animacy,full,0.11749347326784022
sub-36,Animacy,semipartial,-0.0686312837966509
sub-36,Category,full,0.5431278731412548
sub-36,Category,semipartial,0.5058322636637468
sub-36,Gist,full,0.2386233467095546
sub-36,Gist,semipartial,0.15727498325411274
sub-37,Animacy,full,0.5959591051330891
sub-37,Animacy,semipartial,0.4473318909031557
sub-37,Category,full,0.5129299466733227
sub-37,Category,semipartial,0.3295718477707756
sub-37,Gist,full,0.043269546283756045
sub-37,Gist,semipartial,-0.02488777637413473
sub-38,Animacy,full,0.0647777009277925
sub-38,Animacy,semipartial,-0.12124238505274279
sub-38,Category,full,0.5205756389998419
sub-38,Category,semipartial,0.5345250730213269
sub-38,Gist,full,0.013174944949751818
sub-38,Gist,semipartial,-0.06838862747091792
sub-39,Animacy,full,0.13638514499169402
sub-39,Animacy,semipartial,-0.002370607076385002
sub-39,Category,full,0.41172222164728256
sub-39,Category,semipartial,0.37120499919882965
sub-39,Gist,full,0.1484322221428339
sub-39,Gist,semipartial,0.08743887355731593
sub-40,Animacy,full,0.16632127673072147
sub-40,Animacy,semipartial,-0.02327095602666419
sub-40,Category,full,0.5574774617565044
sub-40,Category,semipartial,0.5131013252759763
sub-40,Gist,full,0.17538171800998503
sub-40,Gist,semipartial,0.09208708178996552
sub-41,Animacy,full,0.11991206485540643
sub-41,Animacy,semipartial,-0.09668460966889757
sub-41,Category,full,0.6209101020232484
sub-41,Category,semipartial,0.6040272976251227
sub-41,Gist,full,0.13609538642414604
sub-41,Gist,semipartial,0.04117306970904887
sub-42,Animacy,full,0.4744584025750135
sub-42,Animacy,semipartial,0.2937309564759835
sub-42,Category,full,0.5865636114115607
sub-42,Category,semipartial,0.4342637324343173
sub-42,Gist,full,0.16622640064100577
sub-42,Gist,semipartial,0.0850416486443066
sub-43,Animacy,full,0.13059586380832988
sub-43,Animacy,semipartial,-0.04496594579478977
sub-43,Category,full,0.5090059578886036
sub-43,Category,semipartial,0.4839489090217147
sub-43,Gist,full,0.10844636954484868
sub-43,Gist,semipartial,0.031314290656023626
sub-44,Animacy,full,0.5695084428319079
sub-44,Animacy,semipartial,0.3877760761536104
sub-44,Category,full,0.6052830353588782
sub-44,Category,semipartial,0.4216607851459808
sub-44,Gist,full,0.1552073006943859
sub-44,Gist,semipartial,0.07302016641314646
