roi,model,corr_type,n,mean_r,sd_r,p,sig
Primary_Visual,Animacy,full,20,0.0181,0.0424,0.0728,ns
Primary_Visual,Animacy,semipartial,20,0.0074,0.0486,0.5042,ns
Primary_Visual,Category,full,20,0.0349,0.032,0.0001,***
Primary_Visual,Category,semipartial,20,0.0333,0.0406,0.0017,**
Primary_Visual,Gist,full,20,0.0771,0.0715,0.0001,***
Primary_Visual,Gist,semipartial,20,0.0784,0.0719,0.0001,***
Early_Visual,Animacy,full,20,0.0385,0.0493,0.0025,**
Early_Visual,Animacy,semipartial,20,0.0153,0.0537,0.2182,ns
Early_Visual,Category,full,20,0.0751,0.045,0.0,***
Early_Visual,Category,semipartial,20,0.0693,0.0507,0.0,***
Early_Visual,Gist,full,20,0.0946,0.0794,0.0,***
Early_Visual,Gist,semipartial,20,0.0974,0.0796,0.0,***
Dorsal_Stream_Visual,Animacy,full,20,0.043,0.0517,0.0015,**
Dorsal_Stream_Visual,Animacy,semipartial,20,0.027,0.0562,0.0461,*
Dorsal_Stream_Visual,Category,full,20,0.0539,0.0394,0.0,***
Dorsal_Stream_Visual,Category,semipartial,20,0.0423,0.0453,0.0005,***
Dorsal_Stream_Visual,Gist,full,20,0.0015,0.0639,0.9183,ns
Dorsal_Stream_Visual,Gist,semipartial,20,0.0036,0.0642,0.8072,ns
Ventral_Stream_Visual,Animacy,full,20,0.2258,0.0674,0.0,***
Ventral_Stream_Visual,Animacy,semipartial,20,0.1926,0.066,0.0,***
Ventral_Stream_Visual,Category,full,20,0.1349,0.0412,0.0,***
Ventral_Stream_Visual,Category,semipartial,20,0.0673,0.0388,0.0,***
Ventral_Stream_Visual,Gist,full,20,0.06,0.0449,0.0,***
Ventral_Stream_Visual,Gist,semipartial,20,0.0657,0.0451,0.0,***
MT__Complex_and_Neighboring_Visual_Areas,Animacy,full,20,0.2407,0.0767,0.0,***
MT__Complex_and_Neighboring_Visual_Areas,Animacy,semipartial,20,0.2148,0.0747,0.0,***
MT__Complex_and_Neighboring_Visual_Areas,Category,full,20,0.1153,0.0327,0.0,***
MT__Complex_and_Neighboring_Visual_Areas,Category,semipartial,20,0.0406,0.0275,0.0,***
MT__Complex_and_Neighboring_Visual_Areas,Gist,full,20,0.0282,0.058,0.0429,*
MT__Complex_and_Neighboring_Visual_Areas,Gist,semipartial,20,0.0334,0.0579,0.0189,*
Somatosensory_and_Motor,Animacy,full,20,0.0517,0.0405,0.0,***
Somatosensory_and_Motor,Animacy,semipartial,20,-0.0394,0.0359,0.0001,***
Somatosensory_and_Motor,Category,full,20,0.2744,0.055,0.0,***
Somatosensory_and_Motor,Category,semipartial,20,0.2734,0.0517,0.0,***
Somatosensory_and_Motor,Gist,full,20,0.0287,0.0475,0.0143,*
Somatosensory_and_Motor,Gist,semipartial,20,0.0385,0.0476,0.0019,**
Paracentral_Lobular_and_Mid_Cingulate,Animacy,full,20,0.0347,0.0581,0.0155,*
Paracentral_Lobular_and_Mid_Cingulate,Animacy,semipartial,20,-0.0088,0.0567,0.4994,ns
Paracentral_Lobular_and_Mid_Cingulate,Category,full,20,0.1324,0.0558,0.0,***
Paracentral_Lobular_and_Mid_Cingulate,Category,semipartial,20,0.1284,0.0539,0.0,***
Paracentral_Lobular_and_Mid_Cingulate,Gist,full,20,0.0072,0.0492,0.5194,ns
Paracentral_Lobular_and_Mid_Cingulate,Gist,semipartial,20,0.012,0.0491,0.2883,ns
Premotor,Animacy,full,20,0.0478,0.0466,0.0002,***
Premotor,Animacy,semipartial,20,-0.0159,0.0476,0.1521,ns
Premotor,Category,full,20,0.1939,0.0699,0.0,***
Premotor,Category,semipartial,20,0.1895,0.0706,0.0,***
Premotor,Gist,full,20,0.023,0.0696,0.1571,ns
Premotor,Gist,semipartial,20,0.03,0.0699,0.0711,ns
Posterior_Opercular,Animacy,full,20,0.0123,0.0386,0.169,ns
Posterior_Opercular,Animacy,semipartial,20,-0.0196,0.0332,0.0165,*
Posterior_Opercular,Category,full,20,0.095,0.0521,0.0,***
Posterior_Opercular,Category,semipartial,20,0.0962,0.0494,0.0,***
Posterior_Opercular,Gist,full,20,-0.0016,0.057,0.9012,ns
Posterior_Opercular,Gist,semipartial,20,0.0018,0.0582,0.8942,ns
Early_Auditory,Animacy,full,20,0.0027,0.0467,0.8003,ns
Early_Auditory,Animacy,semipartial,20,-0.0157,0.0446,0.1331,ns
Early_Auditory,Category,full,20,0.054,0.0437,0.0,***
Early_Auditory,Category,semipartial,20,0.0567,0.0417,0.0,***
Early_Auditory,Gist,full,20,0.013,0.0593,0.3402,ns
Early_Auditory,Gist,semipartial,20,0.0149,0.0594,0.277,ns
Auditory_Association,Animacy,full,20,0.0295,0.0601,0.0413,*
Auditory_Association,Animacy,semipartial,20,0.0227,0.0598,0.1068,ns
Auditory_Association,Category,full,20,0.0246,0.0292,0.0013,**
Auditory_Association,Category,semipartial,20,0.0158,0.0287,0.0239,*
Auditory_Association,Gist,full,20,-0.0051,0.0552,0.6829,ns
Auditory_Association,Gist,semipartial,20,-0.0041,0.0552,0.7418,ns
Insular_and_Frontal_Opercular,Animacy,full,20,0.0293,0.0619,0.0487,*
Insular_and_Frontal_Opercular,Animacy,semipartial,20,0.0178,0.0621,0.2176,ns
Insular_and_Frontal_Opercular,Category,full,20,0.0382,0.0361,0.0002,***
Insular_and_Frontal_Opercular,Category,semipartial,20,0.0303,0.0366,0.0016,**
Insular_and_Frontal_Opercular,Gist,full,20,-0.0022,0.0619,0.8747,ns
Insular_and_Frontal_Opercular,Gist,semipartial,20,-0.0008,0.0624,0.9577,ns
Medial_Temporal,Animacy,full,20,0.0911,0.0613,0.0,***
Medial_Temporal,Animacy,semipartial,20,0.078,0.0588,0.0,***
Medial_Temporal,Category,full,20,0.053,0.0313,0.0,***
Medial_Temporal,Category,semipartial,20,0.0243,0.0265,0.0006,***
Medial_Temporal,Gist,full,20,-0.0142,0.0565,0.2757,ns
Medial_Temporal,Gist,semipartial,20,-0.012,0.0567,0.3576,ns
Lateral_Temporal,Animacy,full,20,0.0807,0.0584,0.0,***
Lateral_Temporal,Animacy,semipartial,20,0.0753,0.0595,0.0,***
Lateral_Temporal,Category,full,20,0.0289,0.035,0.0016,**
Lateral_Temporal,Category,semipartial,20,0.0027,0.0371,0.7508,ns
Lateral_Temporal,Gist,full,20,-0.0058,0.0473,0.592,ns
Lateral_Temporal,Gist,semipartial,20,-0.0044,0.0471,0.6805,ns
Temporo_Parieto_Occipital_Junction,Animacy,full,20,0.076,0.0715,0.0002,***
Temporo_Parieto_Occipital_Junction,Animacy,semipartial,20,0.0671,0.0712,0.0005,***
Temporo_Parieto_Occipital_Junction,Category,full,20,0.0385,0.0291,0.0,***
Temporo_Parieto_Occipital_Junction,Category,semipartial,20,0.0147,0.0283,0.0315,*
Temporo_Parieto_Occipital_Junction,Gist,full,20,-0.0004,0.0726,0.9817,ns
Temporo_Parieto_Occipital_Junction,Gist,semipartial,20,0.0013,0.0728,0.9369,ns
Superior_Parietal,Animacy,full,20,0.0535,0.0527,0.0002,***
Superior_Parietal,Animacy,semipartial,20,0.0147,0.0565,0.2611,ns
Superior_Parietal,Category,full,20,0.1222,0.0534,0.0,***
Superior_Parietal,Category,semipartial,20,0.1122,0.0571,0.0,***
Superior_Parietal,Gist,full,20,0.0355,0.0627,0.0206,*
Superior_Parietal,Gist,semipartial,20,0.0401,0.0627,0.0104,*
Inferior_Parietal,Animacy,full,20,0.0805,0.06,0.0,***
Inferior_Parietal,Animacy,semipartial,20,0.055,0.0639,0.0012,**
Inferior_Parietal,Category,full,20,0.0876,0.0404,0.0,***
Inferior_Parietal,Category,semipartial,20,0.0655,0.0459,0.0,***
Inferior_Parietal,Gist,full,20,0.0107,0.0712,0.5103,ns
Inferior_Parietal,Gist,semipartial,20,0.0142,0.0716,0.3894,ns
Posterior_Cingulate,Animacy,full,20,0.0459,0.0547,0.0014,**
Posterior_Cingulate,Animacy,semipartial,20,0.0279,0.0545,0.0346,*
Posterior_Cingulate,Category,full,20,0.0601,0.0338,0.0,***
Posterior_Cingulate,Category,semipartial,20,0.0482,0.0338,0.0,***
Posterior_Cingulate,Gist,full,20,0.0113,0.0588,0.4038,ns
Posterior_Cingulate,Gist,semipartial,20,0.0136,0.0594,0.3214,ns
Anterior_Cingulate_and_Medial_Prefrontal,Animacy,full,20,0.0343,0.0377,0.0007,***
Anterior_Cingulate_and_Medial_Prefrontal,Animacy,semipartial,20,0.0274,0.0328,0.0014,**
Anterior_Cingulate_and_Medial_Prefrontal,Category,full,20,0.0254,0.0385,0.0084,**
Anterior_Cingulate_and_Medial_Prefrontal,Category,semipartial,20,0.0148,0.034,0.0673,ns
Anterior_Cingulate_and_Medial_Prefrontal,Gist,full,20,-0.0099,0.0428,0.3133,ns
Anterior_Cingulate_and_Medial_Prefrontal,Gist,semipartial,20,-0.0089,0.0431,0.368,ns
Orbital_and_Polar_Frontal,Animacy,full,20,0.0169,0.0545,0.1818,ns
Orbital_and_Polar_Frontal,Animacy,semipartial,20,0.0124,0.0587,0.3579,ns
Orbital_and_Polar_Frontal,Category,full,20,0.0158,0.0319,0.039,*
Orbital_and_Polar_Frontal,Category,semipartial,20,0.0106,0.0388,0.2387,ns
Orbital_and_Polar_Frontal,Gist,full,20,-0.0117,0.0522,0.3307,ns
Orbital_and_Polar_Frontal,Gist,semipartial,20,-0.0111,0.052,0.3547,ns
Inferior_Frontal,Animacy,full,20,0.0445,0.0687,0.0095,**
Inferior_Frontal,Animacy,semipartial,20,0.0339,0.0737,0.0547,ns
Inferior_Frontal,Category,full,20,0.0379,0.0421,0.0007,***
Inferior_Frontal,Category,semipartial,20,0.0241,0.0509,0.0482,*
Inferior_Frontal,Gist,full,20,-0.0226,0.0677,0.1527,ns
Inferior_Frontal,Gist,semipartial,20,-0.0211,0.0679,0.1818,ns
Dorsolateral_Prefrontal,Animacy,full,20,0.0409,0.068,0.0149,*
Dorsolateral_Prefrontal,Animacy,semipartial,20,0.0306,0.0694,0.0643,ns
Dorsolateral_Prefrontal,Category,full,20,0.0365,0.0359,0.0002,***
Dorsolateral_Prefrontal,Category,semipartial,20,0.0242,0.0384,0.011,*
Dorsolateral_Prefrontal,Gist,full,20,-0.0125,0.0528,0.3045,ns
Dorsolateral_Prefrontal,Gist,semipartial,20,-0.0111,0.0527,0.3613,ns
